<queries>
	<!--set name here (also applies to permissions_root-->
    <query name="com.txoof.brightspace.org.04templates" coreTable="COURSES" flattened="false">
		<!--add description here-->
        <description>active students</description>
		<!--number of columns here must match number sql returns-->
        <columns>
			<column column="CC.ID">type</column>
			<column column="CC.ID">action</column>
			<column column="COURSES.SCHED_DEPARTMENT">code</column>
			<column column="COURSES.SCHED_DEPARTMENT">name</column>
			<column column="CC.ID">start_date</column>
			<column column="CC.ID">end_date</column>
			<column column="CC.ID">is_active</column>
			<column column="COURSES.SCHED_DEPARTMENT">department_code</column>
			<column column="CC.ID">template_code</column>
			<column column="CC.ID">semester_code</column>
			<column column="CC.ID">offering_code</column>
			<column column="CC.ID">custom_code</column>
 		</columns>
		<!--SQL query in format <![CDATA[QUERY]]>-->
        <sql>
			<![CDATA[
				/*
				04_templates.named_queries.xml

				create the templates for each department
				*/
				select distinct
					'course template' as "type",
					'UPDATE' as "action",
					'Templ_'||CC.SCHOOLID||'_'||COURSES.SCHED_DEPARTMENT as "code",
					COURSES.SCHED_DEPARTMENT as "name",
					'' as "start_date",
					'' as "end_date",
					'1' as "is_active",
					CC.SCHOOLID||'_'||COURSES.SCHED_DEPARTMENT as "department_code",
					'' as "template_code",
					'' as "semester_code",
					'' as "offering_code",
					'' as "custom_code"
				from CC CC
				    inner join STUDENTS on CC.studentid = students.id
				    inner join COURSES on cc.course_number = courses.course_number
				-- get the higest yearid and multiply by 100 to get the termid
				where CC.TERMID >= (SELECT MAX(yearid) FROM TERMS)*100
					and length(COURSES.SCHED_DEPARTMENT) > 0
				order by "code" asc
			]]>
        </sql>
    </query>

</queries>