<queries>
    <!--set name here (also applies to permissions_root-->
    <query name="com.txoof.brightspace.org.sch05offerings" coreTable="cc" flattened="false">
        <!--add description here-->
        <description>active students</description>
        <!--number of columns here must match number sql returns-->
        <columns>
            <column column="CC.ID">type</column> <!-- for columns not in database use a core filed-->
            <column column="CC.ID">action</column>
            <column column="CC.SCHOOLID">code</column>
            <column column="COURSES.COURSE_NAME">name</column>
            <column column="CC.ID">start_date</column>
            <column column="CC.ID">end_date</column>
            <column column="CC.ID">is_active</column>
            <column column="CC.ID">department_code</column>
            <column column="CC.ID">template_code</column>
            <column column="CC.TERMID">semester_code</column>
            <column column="CC.ID">offering_code</column>
            <column column="CC.ID">custom_code</column>			
         </columns>
        <!--SQL query in format <![CDATA[QUERY]]>-->
        <sql>
            <![CDATA[
            /*
            SCH-05_offerings.named_queries.xml

            build courses based on student and teacher schedules in up-coming school year 
            Uses TERMID+100 and the SCHEDULE tables
            
            */
            -- 05 SCHEDULE TEST course offerings
select distinct
    'course offering' as "type",
    'UPDATE' as "action",
    /* 
    Include schoolid, course_number and termid
    co_cc.schoolid_cc.course_number_cc.termid 
    co_3_SPHYIBS2_3200
    */
    'co_'||cc.schoolid||'_'||cc.course_number||'_'||cc.termid as "code",
    c.course_name||' ('||terms.abbreviation||')' as "name",
    TERMS.FIRSTDAY as "start_date",
    TERMS.LASTDAY + 1 as "end_date",
    /* set courses as inactive by default */
    1 as "is_active",
    '' as "department_code",
    'Templ_TEST_'||CC.SCHOOLID||'_'||C.SCHED_DEPARTMENT as "template_code",
    'term_TEST_'||cc.termid as "semester_code",
    '' as "offering_code",
    '' as "custom_code"
from 
    students s
    join SCHEDULECC cc on cc.studentid = s.id
    join schoolstaff ss on ss.id = cc.teacherid
    join courses c on c.course_number = cc.course_number,
    SCHEDULEterms terms
where
        terms.id = cc.termid and
        /* select only courses that are in the NEXT yearid (e.g. 2021-2022 == 3100)*/
        cc.termid >= case 
            when (EXTRACT(month from sysdate) >= 1 and EXTRACT(month from sysdate) <= 6)
            THEN (EXTRACT(year from sysdate)-2000+10)*100
            when (EXTRACT(month from sysdate) >= 7 and EXTRACT(month from sysdate) <= 12)
            THEN (EXTRACT(year from sysdate)-2000+10)*100
            end
order by "code" desc
            ]]>
        </sql>
    </query>

</queries>