<queries>
	<!--set name here (also applies to permissions_root-->
    <query name="com.txoof.brightspace.courses.sectionid" coreTable="cc" flattened="false">
		<!--add description here-->
        <description>active students</description>
		<!--number of columns here must match number sql returns-->
        <columns>
			<column column="CC.ID">type</column> <!-- for columns not in database use a core filed-->
			<column column="CC.ID">action</column>
			<column column="CC.SCHOOLID">code</column>
			<column column="COURSES.COURSE_NAME">name</column>
			<column column="CC.ID">start_date</column>
			<column column="CC.ID">end_date</column>
			<column column="CC.ID">is_active</column>
			<column column="CC.ID">department_code</column>
			<column column="CC.ID">template_code</column>
			<column column="CC.TERMID">semester_code</column>
			<column column="CC.ID">offering_code</column>
			<column column="CC.ID">custom_code</column>			
 		</columns>
		<!--SQL query in format <![CDATA[QUERY]]>-->
        <sql>
			<![CDATA[
				select distinct
					'course section' as "type",
					'UPDATE' as "action",
					/* cs_cc.schoolid_cc.course_number */
					'cs_'||cc.schoolid||'_'||cc.course_number||'_'||cc.TermID as "code",
					c.course_name as "name",
					'' as "start_date",
					'' as "end_date",
					'' as "is_active",
					'' as "department_code",
					'' as "template_code",
					'' as "semester code",
					'co_'||cc.schoolid||'_'||cc.course_number as "offering_code",
					'' as "custom_code"
				from 
				students s
				join cc on cc.studentid = s.id
				join schoolstaff ss on ss.id = cc.teacherid
				join courses c on c.course_number = cc.course_number,
				terms terms
				where
					terms.id = cc.termid and
					/* select only courses that are in the current yearid (e.g. 2021-2022 == 3100)*/
					cc.termid >= case 
						when (EXTRACT(month from sysdate) >= 1 and EXTRACT(month from sysdate) <= 7)
						THEN (EXTRACT(year from sysdate)-2000+9)*100
						when (EXTRACT(month from sysdate) > 7 and EXTRACT(month from sysdate) <= 12)
						THEN (EXTRACT(year from sysdate)-2000+10)*100
						end
				order by "semester code" desc	
			]]>
        </sql>
    </query>

</queries>