<queries>
    <!--set name here (also applies to permissions_root-->
    <query name="com.txoof.brightspace.org.03semesters" coreTable="terms" flattened="false">
        <!--add description here-->
        <description>active students</description>
        <!--number of columns here must match number sql returns-->
        <columns>
            <column column="TERMS.ID">type</column>
            <column column="TERMS.ID">action</column>
            <column column="TERMS.ID">code</column>
            <column column="TERMS.NAME">name</column>
            <column column="TERMS.FIRSTDAY">start_date</column>
            <column column="TERMS.LASTDAY">end_date</column>
            <column column="TERMS.LASTDAY">is_active</column>
            <column column="TERMS.ID">department_code</column>
            <column column="TERMS.ID">template_code</column>
            <column column="TERMS.ID">semester_code</column>
            <column column="TERMS.ID">offering_code</column>
            <column column="TERMS.ID">custom_code</column>			
         </columns>
        <!--SQL query in format <![CDATA[QUERY]]>-->
        <sql>
            <![CDATA[
            /*
            03_semesters.named_queries.xml
            create/update the current term, semester and quarter IDs

            PowerSchool uses the year 1990 as the 0 year for the YearID epoch
            Each accademic school year increments by 100:
            
            * 1990-1991: 0
            * 1991-1992: 1
            * 2021-2022: 31
            * 2022-2023: 32

            The basis for the terms.id value is the yearid*1000
            
            * 2021-2022: 3100
            * 2022-2023: 3200
            * 2023-2024: 3300

            Each additional term within a year is an increment of 1 to the termid. 
            Terms can be Semesters, quarters, etc.

            * 2021-2022 Year-Long Classes:    3100
            * 2021-2022 Semester 1 Classes:   3101
            * 2021-2022 Semester 2 Classes:   3102
            * 2021-2022 Quarter 1 Classes:    3103 # Yes, this system is bananas.
            * 2021-2022 Quarter 2 Classes:    3104 
            * 2021-2022 Quarter 3 Classes:    3105 
            * 2021-2022 Quarter 4 Classes:    3106 

            The simplest way to get get from yearid to human readable years is as follows:

            to_char(terms.yearid-10+2000)||'-'||to_char(terms.yearid-9+2000)

            This is totally going to break in 80 years. Dog help us if someone is reading this 
            in December of 2099 and still using this query.

            */
            select distinct
            'semester' as "type",
            'UPDATE' as "action",
            'term_'||TERMS.ID as "code",
            /*
            post-pend the school year to the abbreviated term name using the current year and month
            */
            to_char(terms.yearid-10+2000)||'-'||to_char(terms.yearid-9+2000)||' '||TERMS.Abbreviation as "name",
            '' as "start_date",
            '' as "end_date",
            '' as "is_active",
            '' as "department_code",
            '' as "template_code",
            '' as "semester_code",
            '' as "offering_code",
            '' as "custom_code"
            from TERMS TERMS
            -- get the maximum value from the yearid column and use that as the current yearid
            WHERE yearid = (SELECT MAX(yearid) FROM TERMS)
            order by "code" asc
            ]]>
        </sql>
    </query>

</queries>