<queries>
	<!--set name here (also applies to permissions_root-->
    <query name="com.txoof.brightspace.students.usernames" coreTable="students" flattened="false">
		<!--add description here-->
        <description>export all active students grades 5-13 for use with a BrightSpace 7-User import</description>
		<!--number of columns here must match number sql returns-->
        <columns>
			<column column="STUDENTS.ID">type</column> <!-- for columns not in database use a core filed-->
			<column column="STUDENTS.ID">action</column> <!-- for columns not in database use a core filed-->
			<column column="U_STUDENTSUSERFIELDS.EMAILSTUDENT">username</column> 
			<column column="STUDENTS.ID">org_defined_id</column>
			<column column="STUDENTS.FIRST_NAME">first_name</column>
			<column column="STUDENTS.LAST_NAME">last_name</column>
			<column column="STUDENTS.ID">password</column>
			<column column="STUDENTS.ID">role_name</column>
			<column column="STUDENTS.ID">relationships</column>
			<column column="STUDENTS.ID">pref_first_name</column>
			<column column="STUDENTS.ID">pref_last_name</column>
			<column column="U_STUDENTSUSERFIELDS.EMAILSTUDENT">email</column>
			<column column="STUDENTS.ENROLL_STATUS">is_active</column>
 		</columns>
		<!--SQL query in format <![CDATA[QUERY]]>-->
        <sql>
			<![CDATA[
			select 
				'user' as "type",
				'UPDATE' as "action",
				REGEXP_REPLACE(U_STUDENTSUSERFIELDS.EMAILSTUDENT, '(^.*)(@.*)', '\1') as "username",    
				STUDENTS.ID as "org_defined_id",
				STUDENTS.FIRST_NAME as "first_name",
				STUDENTS.LAST_NAME as "last_name", 
				'' as "password",
				'Learner' as "role_name",
				'' as "relationships",
				'' as "pref_first_name",
				'' as "pref_last_name",
				U_STUDENTSUSERFIELDS.EMAILSTUDENT as "email",
				(CASE STUDENTS.ENROLL_STATUS
					WHEN 0 THEN 1
					ELSE NULL END) as "is_active"
			from STUDENTS STUDENTS,
				U_STUDENTSUSERFIELDS U_STUDENTSUSERFIELDS
			where STUDENTS.ENROLL_STATUS =0
				and U_STUDENTSUSERFIELDS.STUDENTSDCID=STUDENTS.DCID
				and STUDENTS.GRADE_LEVEL >=5
				order by STUDENTS.GRADE_LEVEL asc
			]]>
        </sql>
    </query>

</queries>