<queries>
    <!--set name here (also applies to permissions_root-->
    <query name="com.txoof.brightspace.org.05offerings" coreTable="cc" flattened="false">
        <!--add description here-->
        <description>active students</description>
        <!--number of columns here must match number sql returns-->
        <columns>
            <column column="CC.ID">type</column> <!-- for columns not in database use a core filed-->
            <column column="CC.ID">action</column>
            <column column="CC.SCHOOLID">code</column>
            <column column="COURSES.COURSE_NAME">name</column>
            <column column="CC.ID">start_date</column>
            <column column="CC.ID">end_date</column>
            <column column="CC.ID">is_active</column>
            <column column="CC.ID">department_code</column>
            <column column="CC.ID">template_code</column>
            <column column="CC.TERMID">semester_code</column>
            <column column="CC.ID">offering_code</column>
            <column column="CC.ID">custom_code</column>			
         </columns>
        <!--SQL query in format <![CDATA[QUERY]]>-->
        <sql>
            <![CDATA[
            /*
            05_offerings.named_queries.xml

            build courses based on student and teacher schedules
            */
            -- 05 course offerings
            select distinct
                'course offering' as "type",
                'UPDATE' as "action",
                /* 
                Include schoolid, course_number and termid
                co_cc.schoolid_cc.course_number_cc.termid 
                co_3_SPHYIBS2_3200
                */
                'co_'||cc.schoolid||'_'||cc.course_number||'_'||cc.termid as "code",
                c.course_name||' ('||terms.abbreviation||')' as "name",
                TERMS.FIRSTDAY as "start_date",
                /*
                Keep HS Year-Long courses open for 60 days beyond the last day of school.
                This supports IB Yr1 students that need to work over the summer
                */
                case
                    -- only apply to HS courses with termid that is divisible by 100
                    when mod(cc.termid, 100) = 0 and c.schoolid = 3
                    then TERMS.LASTDAY + 60
                    -- everything else (S1, S2, Q1-Q4, all MS) should use the last day + 1 day
                    else TERMS.LASTDAY + 14
                end as "end_date",
                   
                /* set courses as inactive by default */
                1 as "is_active",
                '' as "department_code",
                /*
                build template from schoolid and department; if department is unset
                assign "UNDEFINED" as the department
                This can happen in the UE/ECC: Templ_10_UNDEFINED
                */
                'Templ_'||CC.SCHOOLID||'_'||
                case 
                    when c.sched_department is NULL or trim(c.sched_department) = '' 
                    then 'UNDEFINED'
                    else c.sched_department
                 end as "template_code",
                'term_'||cc.termid as "semester_code",
                '' as "offering_code",
                '' as "custom_code"
            from 
                students s
                join cc on cc.studentid = s.id
                join schoolstaff ss on ss.id = cc.teacherid
                join courses c on c.course_number = cc.course_number
                join terms on terms.id = cc.termid
            where
                    -- terms.id = cc.termid 
                   
                    /* select only courses that are in the current yearid (e.g. 2021-2022 == 3100)*/
                    cc.termid >= case 
                        when (EXTRACT(month from sysdate) >= 1 and EXTRACT(month from sysdate) <= 6)
                        THEN (EXTRACT(year from sysdate)-2000+9)*100
                        when (EXTRACT(month from sysdate) >= 7 and EXTRACT(month from sysdate) <= 12)
                        THEN (EXTRACT(year from sysdate)-2000+10)*100
                        end
            order by "code" desc
            ]]>
        </sql>
    </query>

</queries>