<queries>
	<!--set name here (also applies to permissions_root-->
    <query name="com.txoof.brightspace.org.sch04templates" coreTable="COURSES" flattened="false">
		<!--add description here-->
        <description>active students</description>
		<!--number of columns here must match number sql returns-->
        <columns>
			<column column="CC.ID">type</column>
			<column column="CC.ID">action</column>
			<column column="COURSES.SCHED_DEPARTMENT">code</column>
			<column column="COURSES.SCHED_DEPARTMENT">name</column>
			<column column="CC.ID">start_date</column>
			<column column="CC.ID">end_date</column>
			<column column="CC.ID">is_active</column>
			<column column="COURSES.SCHED_DEPARTMENT">department_code</column>
			<column column="CC.ID">template_code</column>
			<column column="CC.ID">semester_code</column>
			<column column="CC.ID">offering_code</column>
			<column column="CC.ID">custom_code</column>
 		</columns>
		<!--SQL query in format <![CDATA[QUERY]]>-->
        <sql>
			<![CDATA[
				/*
				SCH-04_templates.named_queries.xml

				create the TEST templates for each department using the SCHEDULE tables

				This query is for testing against the up-comming school year
				*/
SELECT DISTINCT
    'course template'                               as "type",
    'UPDATE'                                        as "action",
    'Templ_'||cc.schoolid||'_'||c.sched_department  as "code",
    c.sched_department                              as "name",
    ''                                              as "start_date",
    ''                                              as "end_date",
    '1'                                             as "is_active",
    cc.schoolid||'_'||c.sched_department            as "department_code",
    ''                                              as "template_code",
    ''                                              as "semester_code",
    ''                                              as "offering_code",
    ''                                              as "custom_code"
/*
 * pull from teh schedulecc table in place of cc
*/
FROM schedulecc cc
    JOIN students s             					on cc.studentid = s.id
    JOIN courses c              					on cc.course_number = c.course_number
    JOIN terms                  					on cc.termid = terms.id
WHERE 
    s.enroll_status = 0 
    AND s.grade_level >= 5
    /*
     * pull courses for the following school year 
    */
    AND cc.termid >= (EXTRACT(year from sysdate)-1999+(CASE WHEN EXTRACT(month from sysdate) BETWEEN 7 AND 12 THEN 10 ELSE 9 END)) * 100
ORDER BY 
    "code" ASC
			]]>
        </sql>
    </query>

</queries>