<queries>
	<!--set name here (also applies to permissions_root-->
    <query name="com.txoof.brightspace.org.05offerings" coreTable="cc" flattened="false">
		<!--add description here-->
        <description>active students</description>
		<!--number of columns here must match number sql returns-->
        <columns>
			<column column="CC.ID">type</column> <!-- for columns not in database use a core filed-->
			<column column="CC.ID">action</column>
			<column column="CC.SCHOOLID">code</column>
			<column column="COURSES.COURSE_NAME">name</column>
			<column column="CC.ID">start_date</column>
			<column column="CC.ID">end_date</column>
			<column column="CC.ID">is_active</column>
			<column column="CC.ID">department_code</column>
			<column column="CC.ID">template_code</column>
			<column column="CC.TERMID">semester_code</column>
			<column column="CC.ID">offering_code</column>
			<column column="CC.ID">custom_code</column>			
 		</columns>
		<!--SQL query in format <![CDATA[QUERY]]>-->
        <sql>
			<![CDATA[
			select distinct
				'department' as "type",
				'UPDATE' as "action",
				'Templ_'||CC.SCHOOLID||'_'||COURSES.SCHED_DEPARTMENT as "code",
				COURSES.SCHED_DEPARTMENT as "name",
				'' as "start_date",
				'' as "end_date",
				'1' as "is_active",
				CC.SCHOOLID||'_'||COURSES.SCHED_DEPARTMENT as "department_code",
				'' as "template_code",
				'' as "semester_code",
				'' as "offering_code",
				'' as "custom_code"
			from COURSES COURSES,
				STUDENTS STUDENTS,
				CC CC,
				SCHOOLS SCHOOLS
			where CC.STUDENTID=STUDENTS.ID
				and CC.SCHOOLID=SCHOOLS.SCHOOL_NUMBER
				and CC.COURSE_NUMBER=COURSES.COURSE_NUMBER
				and CC.TERMID >= case 
						when (EXTRACT(month from sysdate) >= 1 and EXTRACT(month from sysdate) <= 7)
						THEN (EXTRACT(year from sysdate)-2000+9)*100
						when (EXTRACT(month from sysdate) > 7 and EXTRACT(month from sysdate) <= 12)
						THEN (EXTRACT(year from sysdate)-2000+10)*100
						end
				and length(COURSES.SCHED_DEPARTMENT) > 0
			order by "code" asc
			]]>
        </sql>
    </query>

</queries>