<queries>
	<!--set name here (also applies to permissions_root-->
    <query name="com.txoof.brightspace.parents.mother" coreTable="guardian" flattened="false">
		<!--add description here-->
        <description>export all active students grades 5-13 for use with a BrightSpace 7-User import</description>
		<!--number of columns here must match number sql returns-->
        <columns>
            <!--for an unknown reason using GUARDIAN.GUARDIANID causes this plugin to fail falling back to STUDENTS.ID. THIS WORKS BECAUSE???-->
			<column column="STUDENTS.ID">type</column> <!-- for columns not in database use a core filed-->
			<column column="STUDENTS.ID">action</column> <!-- for columns not in database use a core filed-->
			<column column="U_STUDENTSUSERFIELDS.EMAILSTUDENT">username</column> 
			<column column="STUDENTS.ID">org_defined_id</column>
			<column column="STUDENTS.FIRST_NAME">first_name</column>
			<column column="STUDENTS.LAST_NAME">last_name</column>
			<column column="STUDENTS.ID">password</column>
			<column column="STUDENTS.ENROLL_STATUS">is_active</column>
			<column column="STUDENTS.ID">role_name</column>
			<column column="U_STUDENTSUSERFIELDS.EMAILSTUDENT">email</column>
			<column column="STUDENTS.ID">relationships</column>
			<column column="STUDENTS.ID">pref_first_name</column>
			<column column="STUDENTS.ID">pref_last_name</column>
        </columns>
		<!--SQL query in format <![CDATA[QUERY]]>-->
        <sql>
			<![CDATA[
			select distinct
                'user' as "type",
                'UPDATE' as "action",
                trim(U_STUDENTSUSERFIELDS.EMAILMOTHER) as "username",
                'P_'||GUARDIAN.GUARDIANID as "org_defined_id",
                GUARDIAN.FIRSTNAME as "first_name",
                GUARDIAN.LASTNAME as "last_name",
                '' as "password",
                1 as "is_active",
                'Parent' as "role_name",
                trim(U_STUDENTSUSERFIELDS.EMAILMOTHER) as "email",
                '' as "relationships",
                '' as "pref_first_name",
                '' as "pref_last_name"
            from GUARDIANSTUDENT GUARDIANSTUDENT,
                GUARDIAN GUARDIAN,
                U_STUDENTSUSERFIELDS U_STUDENTSUSERFIELDS,
                STUDENTS STUDENTS 
            where U_STUDENTSUSERFIELDS.STUDENTSDCID=STUDENTS.DCID
                and GUARDIAN.GUARDIANID=GUARDIANSTUDENT.GUARDIANID
                and STUDENTS.DCID=GUARDIANSTUDENT.STUDENTSDCID
                /* this requires that the names in guardian and u_studentuserfields 
                match exactly. We're not entirely sure how the guardian fields come to be populated
                so the sustainability and sustainability of this is questionable 
                */
                and trim(guardian.firstname)=trim(u_studentsuserfields.mother_firstname)
                and trim(guardian.lastname)=trim(u_studentsuserfields.mother_lastname)
                and STUDENTS.ENROLL_STATUS =0
                and students.grade_level >=5
            order by "org_defined_id" asc
			]]>
        </sql>
    </query>

</queries>